text,Nama perusahan/produk,sumber ,Kategori,Legalitas,,,
"Robot trading forex otomatis dengan hasil trade minimal 1%/hari Mengapa harus ambil peluang ini? Profit konsisten 1-1,6%/hari Robot canggih anti MC Tidak Ada titip dana ke org Dana dikelola sendiri di broker 100% otomatis robot yg bekerja Ada sharing profit harian utk upline  Tugas kita Hanya mindahin profit ke rekening Modal bisa ditarik kapan aja Marketing plan menarik utk networker Tidak perlu bs trading Tidak perlu Pake laptop Tidak perlu cape liat monitor Pake HP aja sudah bisa jalan Minimal 9jt sudah bs mulai Berapa harga paket robot? Bot $100 trading max $500 Bot $500 trading max $2500 Bot $1000 trading max $5000 Bot $ 5000 trading max $25.000 Bot $10.000 trading max $50.000 Bot ini Hanya Sekali bayar utk life time. Tapi ada sharing profit ke company setiap Hari dr profit bersih.. So far bot ini bagus Cara kerjanya, profit terus tanpa loss, konsisten dan aman.. Caranya simple, cukup daftar, deposit di broker, beli robot, profit, withdraw saja",SmartXBot,https://www.lazada.co.id/products/software-trading-smartxbot-ebook-net89-i4782348310.html,Trading Robot,ilegal,,,14
"Net89 adalah Software Trading forex otomatis buatan PT SIMBIOTIK MULTITALENTA INDONESIA yang sangat cocok buat Pegawai, Ibu rumah tangga, Pelajar, Bisnisman, dan Investor yang ingin dapat pasif income secara konsisten tanpa khawatir resiko besar dan tanpa diperlukannya pengetahuan akan analisis teknikal maupun fundamental. EA (Expert Advisor) Forex Net89 dilengkapi dengan logic anti-margin call terbaik saat ini sehingga tidak memungkinkan modal investor akan habis, kemudian TP/SL yang sangat dinamis, serta akurasi entry yang sangat akurat.
Terbukti Dari Sejak 2018 NET89 Sudah Memberikan Hasil Konsisten Minimal 1%/Hari Kepada Lebih Dari 60.000 Member Aktif Dengan EQUITY Diatas 100 Milyar Lebih Dengan Robot NET89. (Performance Robot Terlampir Di Foto)
NET89 Juga Merupakan Robot Pertama Di Indonesia Yang Bisa Menerapkan Sistem Management Resiko Canggih Sehingga Tingkat Lose Per Hari Maksimal Hanya 5% Yang Artinya Butuh 20 Hari Berturut-Turut Anda Terkena MARGIN CALL Yang Menjadi Momok Besar Buat Para Pemain Trader. Inilah SISTEM ANTI MARGIN CALL TERBAIK SAAT INI.

Spesifikasi :
- (NET89) Robot Trading Forex Otomatis
- Profit Konsisten : 1% / Hari atau 10 – 20% / Bulan.
- Untuk Paket 9jt ini = Estimasi Profit : Rp 32.000 / Hari atau Rp 650.000 / Bulan.
- Paket 9jt = Robot 1,5jt & Modal Trading 7,5jt
- 2 - 3 BULAN BALIK MODAL ROBOT.
- Terbukti Profit sejak 2018 sampai sekarang.
- Anti Margin Call
- Dana dikelola sendiri pada broker yang kita pilih.
- 100% Otomatis Robot yang bekerja
- Tidak diperlukan kemampuan analisis Tekinikal & Fundamental, cukup melihat hasilnya saja.
- Modal dan profit dapat ditarik kapan saja.
- Kebebasan Waktu tanpa harus terikat dengan trading
- Legalitas terjamin (Surat surat ada di website resmi PT. SMI)
- Terdapat “Network Income” yang menarik.
- Terdapat “Bonus Pembelian Robot” dan “Bonus Peringkat”",Net89,https://www.tokopedia.com/dgtoys/net89-bot-trading-forex-ea-net-89-smartxbot-pt-smi-investasi-aman?extParam=ivf%3Dfalse%26src%3Dsearch,Trading Robot,ilegal,,,17
"Jika anda bing mencari strategi yang cocok untuk trading binary maka inilah jawaban strategi yg bisa anda akan untuk mendapatkan profit yang konsisten.  trading dengan memakai panduan TREND INDIKATOR akan membuat setiap transaksi anda di binary akan memiliki probaility diatas 90 persen.  Quotex adalah platform inovatif dengan tingkat pengembalian hingga 98% di setiap investasinya! Daftar akun demo untuk berlatih dengan 0.000. Dengan deposit minimum hanya 0, inilah pilihan yang hebat!",Quotex,https://id-quotex.com/,Scam Binary Options/Futures Trading,ilegal,,,
Raibotlook merupakan system trading yg menggunakan software. dimana menggunakan broker *BDSWISS* dan *VANTAGE*. dan sudah system yg bekerja. untuk profit per day estimasi 1%-2%,Raibot look,https://www.facebook.com/Raibotlook-1172395436251852/?ref=py_c&__xts__[%2Ffacebook],Trading Robot,ilegal,,,
"Software Auto Trading terbaik untuk memudahkan anda menghasilkan estimasi profit 1% sehari & estimasi profit 5% seminggu
1. Profit 20-25%/bulan
2. Live Trading No Delay
3. WD unlimited & every time, robot tidak hangus
4. Profit sharing kompetitif
5. Fee bot terjangkau
Trading terbaik Auto Pilot. Menghasilkan Profit 1% Sampai 10%,Secara Konsisten.Bersama Robot"" Profesional. Cuan Cuan Cuan.yang mau join
#ProfitKonsisten #HasilkanUangTambahan #UangSakuTambahan #Dnapro #Digitalnettasset #DnaproAutopilot
#ManfaatRobotAutopilot #ManfaatRobotDnaProAutopilot #BelajarRobotaAtopilot #BelajarRobotDnaProAutopilot",DNA Pro,,Trading Robot,ilegal,,,
"Team pantau news/berita dan pergerakan pasar 24 jam. Cut loss maksimal 10 %. Salinan Instan Transaksi di FIN888 langsung disalin ke akun klien. Setelah terdaftar, klien tinggal pantau akun dan menikmati profit.  Drawdown Maksimum 1% Drawdown maksimum adalah 1%, untuk memastikan akun klien terlindungi sepenuhnya dan terus menghasilkan keuntungan.  Tanpa Biaya Bulanan Pendaftaran gratis dan tanpa biaya bulanan. Sistem bagi hasil hingga 75% keuntungan untuk klien. Tidak ada biaya tersembunyi. STP / ECN artinya Trader ga ada kepentingan bila kita Loss. Fair Profit Sharing untuk trader = 12%  Estimasi Profit 8-10% perbulan dalam 1 tahun.  Dana investor langsung dikirim ke custodian.  Dapatkan Jaminan asuransi sesuai dengan deposit anda.  Dapatkan penghasilan tambahan profit sharing dari downline anda",FIN888,https://www.lpteams.com/fin888/,"Trading Robot, Ponzi",ilegal,,,
"ROBOT AUTO TRADE GOLD 4.0
Trading fully automatic target profit 05-3% setiap harinya

Tersedia 2 skema :
1. No Profit sharing
2. Free Robot (Gratis)

1. No Profit Sharing :
Beli paket robot trading dan profit 100% milik kamu, berikut untuk paket robot ATG4.0:
Level 1, $100 max balance $500
Level 2. $200 max balance $5,000
Level 3. $500 max balance $30,000
Level 4. $2,500 max balance $1,000,000
Level 5. $3,500 max balance $100,000,000.

https://pantheratrade.com/register/?r=IB30563924


2. Free Robot :
Untuk paket free robot dikenakan profit sharing mulai dari 0% sampai max 25%, untuk detailnya sebagai berikut :
Bulan 1 profit sharing 100% untuk investor dan 0% untuk admin (100:0)
Bulan 2 profit sharing 90% untuk investor dan 10% untuk admin (90:10)
Bulan 3 profit sharing 85% untuk investor dan 15% untuk admin (85:15)
Bulan 4 profit sharing 80% untuk investor dan 20% untuk admin (80:20)
Bulan 5 dst.., profit sharing 75% untuk investor dan 25% untuk admin (75:25)
perpaket 150rb

kontak wa:
http://wa.me/62811953296",Autotrade Gold,https://www.tokopedia.com/kameshop/robot-trading-autotrade-gold-4-0,Trading Robot,ilegal,,,
"Perusahaan yang menciptakan teknologi robot trading dengan
kombinasi kecerdasan buatan dan didukung oleh trader ahli yang
selalu mengawasi transaksi yang dilakukan oleh robot trading. Memungkinkan trader untuk bisa trading tanpa perlu
selalu memperhatikan market dan berita karena
Menggunakan teknologi robot yang selalu diawasi oleh
Expert Trader.  akan menghasilkan keuntungan secara_konsisten
dengan pengelolaan keuangan yang baik berdasarkan
ekuitas yang ada dan secara otomatis membuka dan
menutup pesanan setiap hari.",Fahrenheit,https://www.instagram.com/p/CUGN5XCBv-a/,Trading Robot,ilegal,,,
"Dapatkan potensi keuntungan tanpa harus memiliki keahlian dalam menganalisa markets.  Keamanan Dana
Keamanan dana terjamin bersama broker yang memiliki regulasi terkemuka.  Kendali Keuangan 100%
Kendali keuangan 100% di tangan anda. Bebas melakukan deposit dan penarikan langsung dari akun anda tanpa campur tangan kami.  Berupaya menjadikan seluruh mitra perusahaan bisa hidup mapan dan sejahtera.  Memberikan pengetahuan edukasi dan pelatihan yang terbaik untuk mitra Perusahaan.  1. Broker  Vantagefx, score bagus, berlisensi 4 negara.
2. Harga robot relatif murah, mulai dari $50
3. Profit OKE SEKALI (nett profit up to 30% per month)
4. Autocompound.
5. Bisa depo unlimited walau beli robot yang $50
6. Bisa WD semua modal, tidak ada limit penarikan.
7. Ada sistem marketing plan untuk aktif income 
8. Kurs Deposit dan WD kurs USD saat itu.
SUDAH TERUJI POTENSI PROFIT Sekitar 100% Dalam Waktu 50 Hari!!!",EA50/PT. SENTRA MEGAH INDOTEK,https://ea50idn.id/,Trading Robot,ilegal,,,
"Mencari Robot yg SABTU-MINGGU tetap kasih Cuan?
Mencari Robot yg proses WD tidak sampai 1jam?
Mencari Robot yg Cuan gede?
Mencari Robot yg GA RIBET??

Maka ini Solusinyaa bossque 
 *ROBOT MARK AI* 

Trading Senin s/d Minggu NONSTOP 7x24jam
Modal mulai dari Rp496.000
Depo WD rate Rp15.500/$
Profit 100% milik kita
Target Profit 35%++/Bulan
High Risk, High Return
Free Robot, dan di modalkan 10$ (langsung Claim di aplikasi, Daftar aja dulu bossque)

Banyak orang telah membuktikan Mark Ai sebagai solusi keuangan yang begitu sulit pada masa pandemi covid-19. Apakah anda hanya ingin berdiam diri menyaksikan mereka menghasilkan setiap harinya dengan tanpa mengeluarkan banyak pikiran, waktu dan tenaga❗
Segera bergabung dan buktikan hasilnya. Bukti kami telah ada pada anda, kini giliranmu melakukannya sendiri.",Mark.Ai,,Trading Robot,ilegal,,,
"PENTING, HARAP DIBACA SAMPAI HABIS

AUTOPILOT TRADING (EA) AVATAR911 

- merupakan alat bantu trading, untuk menentukan buy/sell. sangat berguna bagi pemula ataupun yang sudah lama trading yang menginginkan profit konsisten tapa perlu analisa lagi.

- sistem single op, dengan SL/TP terpasang otomatis, jadi tidak perlu kuatir akan floating berkepanjangan.

- bisa dipakai dengan modal yang sangat kecil, dengan start modal 20$ saja sudah bisa dipakai. dan bisa menghasilkan keuntungan lebih dari modal yg digunakan dalam waktu yang singkat (tergantung kondisi market, tapi dalam 1 bulan pasti bisa kembali modal awal)

- pemasangan sangat mudah di vps,
apabila anda belum paham utk proses instalasi di vps, saya bisa membantu melakukan proses instalasi (gratis) tanpa biaya tambahan. (vps cari sendiri di toko lain ya)

- file EA akan dikirimkan melalui email, setelah checkout jangan lupa untuk chat email yang akan dipakai.

- EA bersifat expired, selama 1 bulan

- akan diproses max 1x24jam

- BONUS
 EA full tanpa expired dengan disertai setingan terbaik . sistem martingale..

Jadi, anda akan mendapat 2 EA yang ada expired 1 bulan dengan yg full tanpa expired..
1 sistem singel op
1 lagi sistem martingale",AVATAR911,https://shopee.co.id/Autopilot-Profit-Trading-Robot-Termurah-i.320098472.15784911656?sp_atk=aff04f33-f882-4b2c-a301-c4f964ddb254&xptdk=aff04f33-f882-4b2c-a301-c4f964ddb254,Trading Robot,ilegal,,,
"KELEBIHAN EA FOX
- Sistem Perdagangan yang Stabil dan Sangat Menguntungkan.
- High Return with Low Risk.
- Bisa di gunakan semi auto
- 24 jam / AUTOPILOT. Anda tidak perlu melakukan apa pun. Semakin Anda menjauh dari perdagangan, semakin baik. .
- modal hanya MINIMAL $50.
proyeksi profit : 30 perbulan.
- Di lengkapi dengan Risk Management
- Titik entry berdasarkan Support and resistance jadi sangat aman di gunakan dalam waktu 24 jam ,--tinggal menunggu profit harian dan tidur anda akan nyenyak
- bisa dipantau dengan HP, Ipad, Tab, Laptop atau PC. sangat fleksibel monitoringnya
- DAPAT BERGABUNG DI GRUB VIP EA FOX",Robot EA Fox,https://www.tokopedia.com/masterforexid/robot-forex-ea-trading-forex-auto-pilot-terbaik-profit-scalping-snr?extParam=ivf%3Dfalse%26src%3Dsearch,Trading Robot,ilegal,,,
"ROBOT FOREX UNTUK MEMBANTU ANDA MENGEKSEKUSI MARKET DENGAN

CEPAT
KAMI JUAL DENGAN HARGA YANG SANGAT MURAH SAJA DENGAN FITUR2

CANGGIH YANG APABILA ANDA PESAN KE JASA PEMBUATAN EA TENTU

BIAYANYA DIATAS 2,5 Juta untuk MT5 ...

FITUR :

1. Bisa menentukan pencapaian target keuntungan yang

diinginkan.
2. Bisa menentukan berapa jarak di setiap Step OP
3. Bisa menyesuaikan Slippage
4. Bisa Menentukan besaran Lot awal dan Lot step OP

selanjutnya
5. Memiliki Fitur Pengali Lots Otomatis
6. Bisa memilih waktu trading yang di inginkan secara

otomatis.
7. Bisa dipakai dibroker 4 atau 5 digit

MARTI TREND MARKET ADALAH SALAH SATU STRATEGY PALING AMPUH

DALAM DUNIA FOREX.
ASALKAN TIDAK SERAKAH TRADER BISA MENGANTONGI MINIMAL 7,5% sd

9% PROFIT/Minggu (ANGKA INI BISA KURANG / BAHKAN LEBIH

TERGANTUNG KONDISI MARKET).",Double Marti Trend,https://www.tokopedia.com/t25shop/ea-robot-forex-double-marti-trend-market-v-5c-trading-mt5-t25shop?extParam=ivf%3Dfalse%26src%3Dsearch,Trading Robot,ilegal,,,
"EA INDONESIA PRO (GARUDA IDN) EA INDONESIA di kembangkan oleh coder professional
Teknik SNR sangat popular bahkan di seluruh dunia banyak yang menggunakan SNR (Support dan Resistance) BUY DI HARGA TERENDAH SELL DI HARGA TERTINGGI .
AL HASIL EA INI menjadi EA FOREX yang banyak di minati KHUSUSNYA DI INDONESIA karena harga yang terjangkau dan Dengan PERFORMACE yang sangat BAIK dan SUDAH TERUJI
Sudah di percaya Ribuan Trader
DI SPONSORi OLEH BROKER (XM) SALAH SATU BROKER TERBESAR DI DUNIA
EA BERLISENSI LOCK NUMBER ACCOUNT/ 1 MT4 REAL DAN 1 MT4 FOR DEMO UNTUK BELAJAR DAN MELIHAT PERFORMANCENYA
SILAHKAN DI LIHAT SAJA VIDEONYA
SILAHKAN KELUARKAN UNEK2 ANDA DENGAN MEMBERI BINTANG DAN ULASAN
KETENTUAN ROBOT GARANSI
- ROBOT TIDAK BOLEH DI CAMPUR DENGAN ROBOT LAIN (SANGAT DI LARANG)
__STOK TERBATAS__
KELEBIHAN EA INDONESIA PRO
- Sistem Perdagangan yang Stabil dan Sangat Menguntungkan.
- High Return with Low Risk.
- 24 jam / AUTOPILOT. Anda tidak perlu melakukan apa pun. Semakin Anda menjauh dari perdagangan, semakin baik. .
- modal hanya MINIMAL $50.
proyeksi profit : 10%-20% perbulan (JIKA INGIN PROFIT 50% -100% PERBULAN RESIKO TANGGUNG PENUMPANG KARENA FOREX INVESTASI BUKAN PERSUGIHAN) .
- 2 filter NEWS Di lengkapi dengan pengaturan filter news (forex factory) and filter news MAX spread for all news (SANGAT AMAN karen filter max spread memfilter kondisi news besar yg yang tidak terdapat di ekonomi kalender).
- Di lengkapi dengan Risk Management Tools dan Money Management Tools yang sangat baik dan sudah teruji
- Titik entry berdasarkan Support and resistance jadi sangat aman di gunakan dalam waktu 24 jam ,--tinggal menunggu profit harian dan tidur anda akan nyenyak
- bisa dipantau dengan HP, Ipad, Tab, Laptop atau PC. sangat fleksibel monitoringnya
- DAPAT BERGABUNG DI GRUB VIP EA GARUDA INDONESIA",EA Garuda Profit,https://www.tokopedia.com/l73/trading-otomatis-robot-forex-ea-garuda-profit-garansi-mc-premium?extParam=ivf%3Dfalse%26src%3Dsearch,Trading Robot,ilegal,,,
"Keunggulan Investasi Reksa Dana di Bibit
Bibit membantu investor pemula untuk memulai investasi tanpa perlu pengalaman
Teknologi Robo Advisor
Membantu seleksi reksa dana berkualitas yang sesuai dengan
profil risiko kamu.
Gratis Biaya Komisi
Semua transaksi pembelian dan penjualan reksa dana tidak dipungut biaya komisi.
Cairkan Kapan Saja
Cairkan dana investasi kapan pun sewaktu kamu butuhkan tanpa
penalti.
Keamanan Dana Terjaga
Dana yang kamu investasikan sepenuhnya akan disimpan secara aman di Bank Kustodian
Mulai dari Rp100.000
Investasi dapat kamu mulai tanpa
harus mempunyai modal yang
besar.
Proses Pencairan Terverifikasi
Dana investasimu hanya bisa dicairkan ke rekening atas nama kamu yang tercatat di KTP.
Data Akun Terlindungi
Dukungan sistem biometrik seperti Face ID dan Fingerprint dapat membatasi orang lain untuk mengakses akunmu.
Fitur Pengenal Perangkat
Kamu akan mendapatkan email notifikasi untuk setiap aktivitas login yang mencurigakan.",BIBIT,,,legal,,,
"Sukuk Tabungan Seri ST008 adalah produk investasi syariah yang diterbitkan oleh Pemerintah kepada individu Warga Negara Indonesia yang aman, mudah, terjangkau, menguntungkan, dan sesuai syariah.
#JadiLebihBijak dengan Investasi ST008.Pokok dan Imbalan dijamin oleh negara
Tingkat imbalan kompetitif, lebih tinggi dari rata-rata tingkat bunga deposito Bank BUMN
Imbalan mengambang mengikuti perkembangan BI 7-Day Reverse Repo Rate dengan jaminan imbalan minimal (floor)
Imbalan dibayar tiap bulan
Early redemption tanpa dikenakan redemption cost oleh pemerintah
Kemudahan akses transaksi Sistem Elektronik (online)
Berpartisipasi langsung membangun negeri
Produk sesuai prinsip syariah
Berinvestasi pada Instrumen Pemerintah kini kian mudah dengan adanya e-SBN. Melalui e-SBN, Anda dapat melakukan pembelian ST008 di mana saja dan kapan saja secara on-line selama masa penawaran.",Sukuk Bunga ST008,,,legal,,,
"Deposito Rupiah J Trust adalah simpanan berjangka dalam mata uang Rupiah yang memiliki nilai investasi paling tinggi dibandingkan produk tabungan maupun giro. Nasabah tidak dapat menarik dananya sewaktu-waktu kecuali berdasarkan perjanjian penyimpanan yang telah disepakati. Bila terpaksa nasabah harus mencairkan dananya, maka akan dikenakan pinalty / denda atas penarikan dana sebelum jatuh tempo sesuai ketentuan yang berlaku. Perhitungan bunga secara harian (sesuai penempatan).
Suku bunga diberikan lebih tinggi dari simpanan lainnya.
Penempatan minimal terjangkau.",Deposito Bank JTrust,,,legal,,,
"Pilihan Investasi yang Memberi Keuntungan dan Rasa Aman
Untuk memastikan uang Anda diinvestasikan di tempat yang aman dan terpercaya sekaligus menguntungkan, Mandiri Deposito Rupiah adalah pilihan yang tepat dan dapat diandalkan. Mandiri Deposito Rupiah adalah simpanan berjangka dalam mata uang Rupiah dengan bunga menarik dan beragam keuntungan lainnya. Suku bunga Mandiri Deposito yang kompetitif menjadikan investasi Anda lebih cepat berkembang.  Bunga dihitung berdasarkan jumlah hari sebenarnya (1 tahun dihitung 365 hari).  Fleksibilitas Tinggi
Tersedia berbagai pilihan jangka waktu yang dapat Anda tentukan sesuai dengan kebutuhan Anda, yaitu: 1, 3, 6, 12, atau 24 bulan.
Bebas memperpanjang deposito secara otomatis (Automatic Roll Over /ARO).
Anda dapat memilih untuk menginvestasikan kembali bunga deposito ke pokok deposito atau ditransfer ke rekening Mandiri Giro atau Mandiri Tabungan yang dapat ditarik setiap saat.
Bunga Deposito dapat diterima di muka, sehingga Anda tidak perlu membayar penuh sesuai jumlah yang Anda ingin tempatkan pada Mandiri Deposito Rupiah.
Dapat dibuka atas nama 2 orang pribadi (joint account).  Deposito Anda dapat diperpanjang secara otomatis pada saat jatuh tempo.

Pembukaan dan penutupan deposito dapat dilakukan melalui Mandiri Online.

Tersedia layanan informasi dan pembatalan perpanjangan deposito otomatis/ ARO melalui Mandiri Online.  Mandiri Kredit Agunan Deposito
Anda dapat memperoleh fasilitas Kredit Agunan Deposito dengan Deposito Anda sebagai jaminannya. Apapun kebutuhan Anda dapat dipenuhi dengan cepat dan mudah sementara Deposito Anda tetap menghasilkan bunga.",Deposito Rupiah Bank Mandiri,,,legal,,,
"Deposito BCA merupakan pilihan investasi yang tepat
Bagi Nasabah yang berniat menyisihkan sebagian tabungan untuk berinvestasi, maka Deposito BCA dapat menjadi salah satu pilihan. Uang Nasabah akan bekerja dengan sendirinya. Dengan pilihan jangka waktu dan bunga yang kompetitif, Deposito BCA menjadi pilihan investasi yang tepat. Deposito merupakan produk simpanan berjangka di mana penyetorannya maupun penarikannya hanya bisa dilakukan pada waktu tertentu saja.  Tersedia dalam 9 pilihan mata uang (IDR, USD, SGD, HKD, AUD, JPY, GBP, EUR, dan CNH). Pilihan Jangka Waktu
Tentukan jangka waktu deposito mulai dari 1, 3, 6, dan 12 bulan.  Fleksibel

Bunga deposito dapat ditransfer otomatis ke rekening Giro/Tapres/Tahapan BCA/BCA Dollar atau rekening di bank lain",Deposito Rupiah Bank BCA,,,legal,,,
"Deposito Rupiah
Simpanan berjangka dalam mata uang Rupiah yang penarikannya hanya dapat dilakukan pada jangka waktu tertentu dengan memberikan bunga yang menarik dan beragam keuntungan lainnya.  Dapatkan suku bunga yang kompetitif dengan Deposito Rupiah BRI.  Pencarian sebagian nominal Deposito BRI tanpa merubah nomor Rekening.  Pembukaan Deposito rupiah tidak dikenakan biaya administrasi",Deposito Rupiah Bank BRI,,,legal,,,
"BNI Deposito merupakan simpanan berjangka yang menjadikan simpanan Anda aman dengan tingkat suku bunga yang menarik.  Mendapatkan tingkat suku bunga kompetitif.
Dapat dijadikan sebagai jaminan kredit.
Dijamin oleh Lembaga Penjaminan Simpanan (syarat dan ketentuan berlaku).
Tersedia dalam pilihan mata uang sesuai dengan kebutuhan Anda yaitu mata uang Rupiah atau asing (USD, JPY, GBP, SGD, HKD, EUR, AUD).
Bunga dapat ditransfer ke rekening Tabungan, Giro atau menambah pokok simpanan.
Pada saat jatuh tempo dapat diperpanjang secara otomatis (Authomatic Roll Over/ARO) atau tidak otomatis (Non ARO).
Tersedia dalam berbagai pilihan jangka waktu sesuai dengan kebutuhan Anda yaitu 1, 3, 6, 12 atau 24 bulan.",Deposito Rupiah Bank BNI,,,legal,,,
"Sukuk Negara Ritel (Sukuk Ritel) adalah produk investasi syariah yang ditawarkan oleh Pemerintah kepada individu Warga Negara Indonesia, sebagai instrumen investasi yang aman, mudah, terjangkau, dan menguntungkan. #BangkitkanEkonomiNegeriLewatInvestasi SR014. Pokok dan Imbalan dijamin oleh negara
Tingkat imbalan kompetitif, lebih tinggi dari rata-rata tingkat bunga deposito Bank BUMN
Tingkat imbalan tetap
Imbalan dibayar tiap bulan
Dapat diperdagangkan di pasar sekunder antar investor domestik
Cukup dengan Rp 1 Juta Anda sudah bisa berinvestasi di Sukuk Ritel
Mendukung Pembiayaan Pembangunan Nasional
Akses investasi sesuai prinsip syariah
",Sukuk Ritel SR014,,,legal,,,
"Nikmati mudahnya investasi saham di MOST
Biaya transaksi kompetitif, dengan pilihan platform yang fleksibel, serta fasilitas pinjaman dengan biaya yang terjangkau",MOST,,,legal,,,
"Bareksa adalah pionir platform investasi dan memiliki izin sebagai Agen Penjual Efek Reksa Dana (APERD) dari OJK sejak tahun 2016.  Tersedia lebih dari 130 produk reksadana dan 30 Manajer Investasi terverifikasi. Temukan pilihan reksadana terbaik hanya di Bareksa.  Bareksa tidak menyimpan dana nasabah. Seluruh dana nasabah tersimpan secara aman di Bank Kustodian.  Tidak butuh modal besar untuk memulai. Dengan Rp 10.000 kamu bisa mulai berinvestasi pada produk tertentu di Bareksa.  Proses registrasi, pembelian, hingga monitoring portofolio reksadana 100% dilakukan secara online.  Reksadana mudah dijual, dana akan cair dan masuk ke rekening investor maksimal dalam 7 hari kerja.",Bareksa,,,legal,,,
"Berikut empat keuntungan yang akan kamu dapatkan apabila memilih obligasi sebagai investasi kamu di BCA.  Apabila kamu memilih obligasi, kamu dapat memperoleh capital gain apabila obligasi dijual dengan harga yang lebih tinggi dari harga beli. Hal ini dilakukan ketika kamu telah memperhitungkan biaya transaksi di Pasar Sekunder.  Jika kamu memilih obligasi jenis SBR, ST, ORI, SR, FR, PBS, INDON, dan INDOIS, kamu terbebas dari biaya transfer kupon atau imbalan.  Investasi obligasi di BCA dapat kamu jadikan agunan. Hal ini dikhususkan untuk Nasabah Prioritas dan Solitaire. Bagi obligasi ORI dan SR dapat dijadikan sebagai Agunan Kredit Lokal, Time Loan Revolving, Installment Loan, dan Personal Loan.  Dengan membeli obligasi atau surat berharga negara, kamu dapat berkesempatan untuk menjadi partisipan dalam mendukung pembangunan negara.",Obligasi BCA,,,legal,,,
"Dikelola Manajer Investasi Profesional, Investasi dikelola oleh Manajer Investasi yang professional dan berpengalaman di dunia investasi pasar modal. Manajer Investasi terdaftar dan telah mendapatkan izin Wakil Manajer Investasi (WMI) dari Otoritas Jasa Keuangan (OJK). Investasi Anda akan dialokasikan sesuai dengan kebijakan investasi pada prospektus untuk mencapai hasil investasi (return) yang optimal. Diversifikasi Investasi Setiap produk Reksa Dana terdiri dari berbagai jenis instrumen investasi, seperti saham, obligasi atau pasar uang dari beberapa emiten yang berbeda sesuai dengan kebijakan investasinya. Alokasi aset yang terdiversifikasi secara optimal akan meminimalisir risiko penurunan nilai insecara bersamaan./ Likuiditas Tinggi, Produk Reksa Dana dapat dicairkan kapan saja setiap hari bursa/ Bebas Pajak, Hasil investasi reksa dana bukan merupakan obyek pajak (self-assesment)./ Terjangkau Investasi reksa dana dapat dimulai dengan nominal yang terjangkau.  Risiko Penurunan Nilai Unit Penyertaan, Fluktuasi pada nilai unit penyertaan terjadi karena adanya perubahan harga efek portofolio Reksa Dana/ Risiko Pasar/Adanya perubahan kondisi pasar (suku bunga, nilai tukar, inflasi) akan mempengaruhi Nilai Aktiva Bersih (NAB) suatu Reksa Dana/ Risiko Likuiditas, Apabila terjadi penjualan kembali dalam jumlah besar secara serentak/  Risiko Perubahan Peraturan Perpajakan. Perubahan peraturan perpajakan dapat mempengaruhi realisasi tingkat pengembalian reksa dana/ Risiko Pembubaran / Likuidasi,  Reksa Dana dapat dibubarkan oleh Otoritas Jasa Keuangan apabila Nilai Aktiva Bersih (NAB) reksa dana kurang dari jumlah minimum yang ditetapkan sesuai prospektus",Reksadana Bank Mega,,,legal,,,
"Obligasi adalah surat berharga yang diterbitkan oleh pemerintah, korporasi, atau penerbit obligasi lainnya, dan bertujuan mengumpulkan dana. Penerbit obligasi akan membayarkan kembali pokok hutang beserta kupon bunganya pada saat jatuh tempo pembayaran. Manfaat Memiliki potensi tingkat pengembalian yang lebih tinggi dibandingkan dengan produk deposito
Memiliki kupon regular yang dibayarkan oleh penerbit obligasi secara berkala
Fleksibilitas jangka waktu dimana produk obligasi dapat dicairkan sebelum jatuh tempo
Beragam pilihan obligasi berdasarkan jangka waktu dan mata uang
Memiliki potensi keuntungan dari kenaikan harga obligasi Risiko
Risiko Pasar
Risiko yang dapat mempengaruhi nilai investasi nasabah yang disebabkan oleh perubahan pasar, seperti perubahan suku bunga, dan perubahan fundamental ekonomi dan kondisi dan kondisi politik yang tidak stabil. Risiko Wanprestasi
Risiko dimana nasabah tidak dapat memperoleh pembayaran dana yang dijanjikan oleh penerbit pada saat produk investasi jatuh tempo kupon dan pokok. Risiko Likuiditas
Risiko apabila nasabah tidak dapat melikuidasi produk investasi dalam waktu yang cepat pada harga yang wajar.",Obligasi Bank Mega,,,legal,,,
Trim Kapital Plus yang bertujuan investasi untuk memperoleh peningkatan nilai investasi yang maksimal dalam jangka panjang berupa capital gain dan deviden melalui investasi pada Efek bersifat ekuitas. Menarik untuk jangka Panjang (> 5 Thn). Jumlah Minimum Investasi Rendah. Rasio Risk and Reward tinggi.  Pengambilan dana fleksibel.  Core Fund Strategy dengan fokus ke saham – saham blue chip.  Cocok untuk nasabah dengan risk profile agresif ,TRIM KAPITAL PLUS BTN,,,legal,,,
"Untuk berbagai tujuan jangka panjang, saham-saham papan atas bisa jadi pilihan saat Anda ingin memacu pertumbuhan dana.  Untuk berbagai tujuan jangka panjang, saham-saham papan atas bisa jadi pilihan saat Anda ingin memacu pertumbuhan dana. Reksa Dana Manulife Dana Saham (MDS) berinvestasi di saham-saham paling likuid di bursa saham Indonesia, dipersembahkan bagi Anda yang menginginkan alternatif investasi saham dengan kinerja relatif terjaga. MDS menawarkan mantapnya kinerja saham-saham LQ45 (saham-saham dengan transaksi terbesar di bursa saham Indonesia, sering kali adalah saham-saham berkapitalisasi besar), dengan sebagian kecil alokasi pada obligasi dan deposito.  Menarik untuk jangka Panjang (> 5 Thn). Jumlah Minimum Investasi Rendah. Rasio Risk and Reward tinggi.  Pengambilan dana fleksibel.  Core Fund Strategy dengan fokus ke saham – saham blue chip.  Cocok untuk nasabah dengan risk profile agresif ",MANULIFE DANA SAHAM,,,legal,,,
"Manulife Syariah Sektoral Amanah (""MSSA"") Reksa dana saham dengan pengelolaan berbasis prinsip-prinsip Syariah.  Manulife Syariah Sektoral Amanah (""MSSA"") Reksa dana saham dengan pengelolaan berbasis prinsip-prinsip Syariah. Mempunyai tujuan untuk menghasilkan peningkatan modal dengan berinvestasi pada saham-saham sesuai prinsip-prinsip Syariah dari perusahaan-perusahaan yang bergerak dalam sektor-sektor yang memiliki posisi yang baik di bursa dengan memanfaatkan peluang-peluang yang ada pada perekonomian Indonesia dan global, serta memberikan kinerja investasi jangka panjang yang optimal.  Menarik untuk jangka Panjang (> 5 Thn). Jumlah Minimum Investasi Rendah.  Rasio Risk and Reward tinggi.  Pengambilan dana fleksibel.  Fokus ke saham – saham Daftar Efek Syariah.  Strategy pengelolaan menggunakan prinsip syariah",MANULIFE SYARIAH SEKTORAL AMANAH,,,legal,,,
Schroder Dana Prestasi bertujuan untuk memperoleh keuntungan dari pertumbuhan ekonomi Indonesia dengan investasi modal dalam jangka panjang pada saham.  Schroder Dana Prestasi bertujuan untuk memperoleh keuntungan dari pertumbuhan ekonomi Indonesia dengan investasi modal dalam jangka panjang pada saham. Target komposisi dari Schroder Dana Prestasi Plus adalah minimum 80% pada Efek Ekuitas Badan Hukum Indonesia yang tercatat pada Bursa Efek di Indonesia dan maksimum 20% pada instrumen Pasar Uang berdasarkan peraturan perundang-undangan yang berlaku di Indonesia.,SCHRODER DANA PRESTASI,,,legal,,,